name,datetime,department_id,job_id
Christopher Cruz,1974-05-17 18:29:37.057252,7,4
Aaron Bates,2021-07-17 16:11:09.317808,7,10
Marcus Flores,2011-12-18 15:10:33.192651,5,5
John Ward,1980-04-16 00:18:09.526968,3,6
Benjamin Lewis,2013-12-24 14:09:30.369141,6,2
Richard Murphy,2005-02-08 17:35:25.724834,7,2
Christine Cox,2005-07-22 12:40:22.922386,7,3
Benjamin Norman,1981-10-28 21:57:39.322653,6,2
Alex Hubbard,1987-03-04 02:54:52.384078,5,9
Danielle Harper,1981-03-11 17:50:10.941331,7,8
Brenda Frazier,1988-10-13 01:57:40.916794,1,1
Kelsey Daniels,2002-06-05 12:35:58.276729,5,1
Ann Miller,1995-05-19 19:45:08.947966,8,4
Michael Bradley,1972-10-16 06:19:12.700520,1,6
Robert Howard,1989-07-07 21:47:40.762078,8,9
Peter Perry,2006-07-11 11:14:54.034645,1,2
Tiffany Brooks,1980-06-20 05:14:02.733073,3,4
Rhonda Garcia,2019-11-17 17:31:39.946099,1,8
Jonathan Smith,2014-01-10 05:48:41.835571,7,6
Sean Dawson,2007-04-24 11:44:33.549442,5,5
Michelle Hall,1983-06-18 06:17:06.798381,1,9
Alan White,1984-03-24 00:14:56.422662,5,6
Sara Mays,1976-08-16 06:00:59.869358,9,1
Amber Hawkins,1983-10-13 20:26:03.542643,8,1
Sara Rodriguez,1972-01-08 04:23:41.298212,6,4
David Anderson,2002-04-22 07:44:09.582784,6,9
Melissa Marquez,2002-08-03 00:08:27.526970,5,3
Hayden Smith,2004-02-27 02:02:08.656589,3,4
Lindsay Moreno,1976-08-31 06:39:33.395869,6,1
Anthony Davis,2012-09-10 10:58:30.885763,8,10
Alexa Hernandez,1971-02-16 21:53:10.564210,6,7
Adam Hall,2023-12-27 02:46:25.743442,2,8
Alicia Cross,2017-12-11 14:58:10.499066,4,2
David Harris,2006-10-28 13:49:58.068336,6,7
Kimberly Blanchard,2019-10-04 23:05:10.827677,10,10
Paul Jones,1971-01-23 14:44:29.520026,4,10
Brad Rosario,2002-08-23 19:44:10.952432,1,4
Amanda Everett PhD,2013-07-03 05:12:19.854605,5,1
Andrew Delacruz,2021-10-05 11:46:15.655982,7,2
Carlos Christensen,1970-04-08 23:21:21.252132,4,10
Andrea Johnson,2003-04-13 06:34:24.881879,1,3
Diana Pierce,1993-05-26 15:24:40.136184,10,5
Heather Stuart,2013-04-28 21:21:45.587811,9,10
Mrs. Tammy Davis MD,2004-01-28 00:16:10.516552,8,10
Ryan Henry,1994-02-18 02:44:11.702212,6,9
Joanna Brown,2020-01-24 05:47:54.582579,2,10
Benjamin White,2015-01-08 14:07:23.721182,6,5
Deanna Harper,1985-02-07 01:13:06.513754,2,3
Matthew Buchanan,2019-08-03 06:43:18.753986,7,8
Richard Brown,2023-09-29 01:27:01.281025,10,10
Mark Banks,1992-12-12 20:00:59.968851,3,3
John Taylor,2015-08-13 16:11:00.862788,6,8
Jack Johnson,2005-02-27 23:41:09.020117,7,8
Stephen Rhodes,2019-06-05 03:14:51.966750,7,3
Bradley Watkins,1992-10-12 20:59:55.042024,5,10
Donna Smith,1971-11-28 09:38:36.331383,1,5
Thomas Sharp,2010-08-15 09:39:35.798204,3,1
Richard Fisher,1995-06-19 07:09:48.214911,6,2
Christopher Stephenson,2007-02-23 13:34:13.192071,2,4
Nicole Farrell,2019-04-23 06:48:37.491732,9,5
Michelle Collins,2021-01-14 12:01:19.022871,4,3
Dustin Pineda,1992-02-04 10:58:55.662890,2,3
Brian Miller,2010-02-16 03:29:53.404062,6,3
Jose Jones,2017-12-04 08:28:34.024678,10,6
Louis Mullins,2023-12-14 09:48:57.391465,1,6
James Fields,1993-09-06 23:19:41.577849,2,2
Tyler Waters,2011-07-23 17:03:05.620443,9,3
Victoria Long,2005-09-15 16:10:50.010123,1,7
Andrea Wright MD,1997-04-23 23:56:15.759920,7,6
Stephen Boone,1994-05-31 19:49:40.879419,1,7
Jeffrey Guzman,2011-07-24 12:40:03.899302,4,8
Alyssa Beasley,1979-07-03 22:51:54.175188,6,4
James Scott,2010-08-05 21:43:50.922591,2,1
Diana Powers,1971-01-12 17:34:21.072293,1,8
Richard Hartman,1995-04-05 12:54:48.138855,5,4
Lindsay Kim,1993-06-05 07:37:58.988106,6,1
Jill Wright,2001-08-04 04:08:46.665739,9,7
Daniel Klein,2002-04-25 07:04:51.927017,5,2
Marcus Larson,1985-06-14 09:49:52.276345,4,7
Adam Delacruz,1979-02-01 09:48:26.252257,6,3
Michael Murphy,2009-06-29 03:53:05.955477,5,6
Michelle Taylor,2017-01-08 14:58:54.775690,3,4
Sherri Evans,2012-10-12 23:45:13.378799,8,1
Willie Wood,1999-09-19 21:56:27.294779,5,1
Kathryn Nunez,1979-09-25 01:26:41.261668,3,1
Brooke Guzman,1982-09-02 17:51:19.287182,2,2
Ronald Booker,2010-08-12 15:42:06.726810,2,2
Ann Hicks,2005-04-08 04:59:50.254878,7,8
Kenneth Miller,1983-04-14 19:18:35.956052,10,4
Wayne Hall,1985-08-18 13:01:26.772098,5,6
Frank Mooney,1997-05-23 22:11:20.332152,2,8
Alexis Decker,2005-09-22 09:20:37.308068,5,7
Natalie Cruz,2020-09-20 08:21:59.675565,5,1
Mark Smith,1983-01-19 09:54:32.196799,7,6
Ashley Martinez,1989-12-04 01:18:46.185103,4,1
Adam Obrien,1987-01-16 12:01:32.473429,8,5
Juan Ramirez,1984-11-21 04:59:56.069799,9,9
Katrina Clark,2023-12-06 09:21:36.495579,7,6
Erik Dean,1993-06-12 17:55:34.853272,5,7
Joseph Hawkins,2021-10-19 03:51:25.931029,1,10
Kathleen Ponce,2022-04-15 20:13:46.625582,10,6
Melissa Ortiz,1995-07-29 19:48:02.532346,5,10
Mark Washington,2013-11-24 19:45:37.627040,5,10
Jorge Wilson,1981-12-18 18:19:38.588160,1,6
Alan Bryan,2002-06-16 03:15:15.523635,3,9
Scott Larson,1978-08-18 04:27:23.672236,6,9
George Wright,1989-11-30 14:23:49.928029,9,7
Rachel West,2000-06-28 00:11:09.052577,9,5
Jacob Terry,1990-08-02 14:22:34.135564,7,6
Sara Stokes MD,2010-12-12 00:34:09.318659,10,9
Kimberly Gardner,1997-11-12 07:18:54.198481,9,6
Jonathan Andersen,2008-02-13 22:15:38.095557,2,1
Alexandra Murray,2019-03-27 21:10:29.127572,9,7
Ryan Brooks,1999-05-07 22:53:14.740663,2,6
John Powers,2002-12-01 22:50:12.823239,5,9
Allison Stevens,2008-11-24 04:42:16.180211,9,10
William Acosta,2023-12-03 00:24:04.296232,1,1
Bernard Jones,1987-08-02 12:28:07.687664,2,4
Corey Ford,1998-05-18 13:01:48.492661,4,3
Elizabeth Hebert,2006-05-26 10:53:21.305168,6,10
Heidi Walker,2010-06-28 13:41:09.571677,1,4
Lisa Brooks,2021-11-13 02:11:29.682219,8,3
David Chapman,1988-08-27 10:05:21.657373,6,9
Susan Weeks,2000-07-13 12:18:19.507256,2,7
Jerome Nielsen,2000-02-15 15:26:55.638237,2,10
Jeremy Leach,2019-11-17 20:31:57.401694,7,10
John Turner,2010-10-21 12:32:30.546984,2,4
Samuel Brown,1997-03-07 17:38:44.200710,5,8
Christine Kelly,1973-11-05 05:36:18.613315,1,4
Shannon Price,2012-04-11 16:54:17.204964,5,3
Sandra Rodriguez,1977-12-12 16:45:07.835904,3,2
Jamie Smith,1995-07-10 06:51:06.838964,8,9
Carlos Myers,2023-07-28 11:51:36.911677,2,9
Whitney Frazier,1970-11-28 04:26:24.170617,10,4
Ryan Smith,2011-02-10 07:25:07.730163,3,6
Dr. Kaitlyn Miller,1972-07-01 11:05:02.432396,5,5
Nancy Harris,1987-11-15 18:12:46.627686,5,9
Mr. John Graham DDS,1980-12-21 06:34:08.140750,9,2
Dustin Peterson PhD,1992-06-18 11:36:57.492174,8,10
Kathy Hill PhD,2019-04-14 23:50:19.756091,9,10
Javier Thornton,1974-07-28 09:02:52.722429,6,8
Heather Robertson MD,1976-05-08 13:17:27.795357,4,4
Ryan Williams,2007-05-01 00:36:00.842014,5,3
Holly Mcdonald,2021-02-02 20:29:36.264795,6,3
Michelle Watts,1989-08-20 07:08:58.845495,9,8
Samuel Avila,1982-01-15 09:03:18.512254,10,10
Shannon Hale,2009-10-10 07:09:56.835003,10,9
Jorge Sullivan MD,1998-08-03 05:09:25.139429,7,10
Jerry Brewer,2023-10-09 05:23:55.072447,7,8
Melissa Johnson,2004-02-21 21:31:09.406637,4,6
Elizabeth Lopez,1972-07-17 12:06:20.971958,6,10
Jeremy Perez,2012-11-22 05:03:04.385472,10,2
Stacy White,2000-10-12 21:21:24.517003,1,3
Nicole Stephenson,1991-11-17 06:54:28.756347,8,2
William Edwards,1999-10-09 19:35:05.734301,1,4
Kevin Morris,1981-12-21 05:18:38.063673,8,10
Samantha Nelson,1984-01-19 04:46:59.671377,2,4
Jeffery Holder,2002-11-03 03:42:50.877313,8,5
Lisa Petersen,2017-06-21 23:34:38.861041,8,3
Chloe Rhodes,1982-06-04 08:17:54.157929,10,8
Laurie Willis,1987-08-21 19:56:30.591718,2,4
Bailey Wilkinson,2005-08-12 07:08:31.743417,6,6
Bradley Kim,1997-07-14 13:56:38.828493,6,7
William Davis,1982-05-08 03:57:57.061431,3,9
Linda Wilson,1990-10-18 20:07:54.950817,4,3
Tracy Robinson,1976-11-09 07:18:58.460241,5,3
Gabriel Cruz,1992-07-17 03:31:11.352364,7,2
Travis Cook,1986-03-15 21:20:53.156923,2,8
Karen Hernandez,2014-03-23 00:50:16.727605,10,4
Eric Porter,2023-08-13 19:02:46.872823,5,5
Erika Baker,1984-03-09 05:54:39.841988,2,10
Cynthia Ward,2014-08-26 22:27:58.022583,2,4
Dustin Levine,1999-11-18 23:26:09.675367,1,10
Deborah Ruiz,1993-08-09 09:24:10.950800,1,10
Samantha Garcia,2016-12-14 11:00:37.668628,8,10
Dylan Munoz,2014-08-27 06:14:40.120643,5,5
Victoria Wood DVM,2008-02-10 07:13:17.679552,5,7
Jennifer David,2011-06-02 18:46:49.343625,1,10
Cynthia Hernandez,2020-07-13 10:17:55.816414,2,2
Elizabeth Butler,1992-08-18 15:30:07.209165,2,5
Denise Ochoa,1982-09-24 17:40:22.516711,6,4
Edward Cox,2000-05-12 02:03:02.478531,4,1
Cody Moran,1989-07-01 20:53:13.490637,9,9
Vincent Butler,2016-03-17 17:11:42.156961,9,10
Adam King,2011-09-09 08:18:17.742707,8,10
Dana Green,1993-06-04 00:37:37.492522,10,10
Vincent Flores,2015-08-03 21:21:50.939149,1,2
Christopher James,1996-11-15 17:44:32.264716,8,7
Jill Meyer,2005-11-16 05:57:50.737283,6,4
John Carter,2004-01-28 13:19:20.304254,8,10
Leslie Martinez,2017-08-03 18:19:03.541910,5,1
Larry Kent,1998-08-25 05:13:47.107356,5,2
Eric Flynn,1989-11-06 22:09:14.616428,7,10
Michael Bowen,1973-08-18 05:08:48.977230,3,6
Ryan Choi,2015-07-17 06:47:07.869022,2,3
Dale Phillips,2002-04-13 04:51:05.473368,6,10
David Jimenez,1989-03-20 20:13:28.958770,7,5
Ashley Johnson,1974-08-24 15:42:01.174221,6,6
Hannah Wise,1999-05-22 06:12:40.429009,3,7
Amy Miller,1979-03-23 00:13:25.997871,1,7
Teresa Ochoa,2016-03-12 03:54:18.735118,10,9
Michael Mullins,1999-04-16 09:56:01.761848,6,5
Bryan Scott,2003-08-22 16:01:42.102268,5,4
Steven Oconnor,2023-08-20 15:30:38.904778,9,3
Daniel Davis,1986-12-31 07:42:39.717963,1,4
Stephen Mays,2015-11-16 13:11:30.012738,2,4
Nicholas Lopez,2000-06-02 01:59:31.409881,6,7
Francis Foster,1992-03-29 18:45:46.785124,4,6
Lisa Kelly,2009-05-31 11:47:38.349382,5,6
Donald Thornton,2014-11-13 22:14:59.527961,9,2
Ryan Hicks,2003-05-01 04:10:26.162920,10,4
Rebecca Snyder,1984-11-24 22:09:16.812964,6,9
Christopher Quinn,2022-02-01 13:11:08.305094,4,6
Kelly Cervantes,1980-12-15 00:24:49.631091,1,6
Allison Reed,2019-01-10 13:14:42.570742,2,9
Amanda Preston,2001-06-11 12:59:17.292440,6,6
Evelyn Johnson,1986-12-03 13:48:24.029436,8,7
Keith Davis,1970-10-20 06:35:20.125538,9,9
Cassandra Davis,2010-05-12 23:56:06.988654,2,9
Larry Wilson,1986-12-01 05:22:26.766719,2,4
Sara Myers,1977-04-13 11:24:28.320431,4,5
Deanna Williams,1989-03-09 13:50:25.809079,9,8
Danielle Ramirez,1986-02-19 20:21:04.765505,6,8
Marie Norton,2022-09-23 02:57:56.540068,1,4
Brianna Jacobs,2008-01-05 16:03:30.596699,4,3
Vincent Browning,2004-01-01 07:18:39.268839,3,3
Robyn Lawrence,2005-05-29 08:49:57.256952,7,4
Nicole Good,2004-03-12 14:39:09.976537,1,4
Monica Taylor,2003-10-14 06:14:52.065566,8,10
Justin Morgan,2011-01-26 06:41:16.018440,2,7
Stephanie Martinez,1971-08-31 11:16:44.102973,1,9
Connie Taylor,1992-08-07 02:52:05.499378,6,10
Danielle Flores,1997-07-30 06:47:28.413146,1,1
Erica Harper,1982-05-16 23:20:14.261855,9,6
Sean Campos,1990-01-11 08:18:46.753957,4,4
Cassandra Williams,1998-09-23 22:38:42.907257,2,7
Denise Lee,1979-03-01 06:43:29.737167,8,3
Paul Sherman,1980-04-06 04:25:12.130642,7,2
Brandi Contreras,2024-02-21 07:31:17.964446,5,5
Lisa Bell,1983-08-08 01:34:57.478246,5,2
Angela Wu,2010-02-26 11:50:47.165014,2,4
Jennifer Rodriguez,1971-12-15 01:37:58.295403,7,5
Jonathan Conley,2017-07-25 19:38:07.120196,4,6
Alexander Barker,1973-07-08 06:24:32.515258,2,10
Mary Cooper,1988-12-24 18:30:34.174491,10,3
Cindy Wallace,2009-08-30 00:34:22.290812,1,8
Jeremy Malone,1989-07-23 10:07:33.784908,4,4
Joshua Garrett,2019-11-29 03:00:47.658468,2,8
James Bird,2005-09-18 19:41:49.043148,9,8
Peter Sullivan,1994-01-27 06:54:19.596007,6,10
Andrew Bailey,2007-02-19 14:00:47.846525,10,3
Crystal Gaines,1990-01-13 16:42:33.622639,5,8
Lindsay Jackson,1978-09-13 08:44:06.611042,5,6
Brian Brooks,1988-09-16 19:26:40.055568,7,2
Michael Kerr,1997-06-15 04:42:37.847405,1,9
Kevin Andrews,2001-04-14 04:12:43.971442,9,5
Tyler Flores,1987-06-02 16:10:40.833350,5,3
Colin Bell,1984-04-17 19:07:26.765367,1,1
Daisy Ferguson,1993-11-24 13:26:54.006122,5,4
Michael Zhang,1982-10-13 19:08:05.029513,10,9
Leslie Oneill,1985-09-30 08:27:56.985207,10,7
Douglas Thomas,2012-08-27 05:57:18.289498,7,6
Alex Hanson,2018-05-16 13:53:39.530840,10,10
Ashley Sanchez,2002-03-11 15:54:57.335388,3,6
Justin Davis,1995-05-22 14:10:11.768535,4,9
Richard Hunt,1977-09-22 19:50:23.081384,2,2
William Williams,1970-01-18 22:07:36.805681,7,2
Terry Johnson,2016-01-05 15:36:39.284444,10,9
Joseph Burns,1982-06-15 01:10:58.391004,5,5
William Martinez,2023-12-07 08:28:12.617742,2,7
Jeremy Williams,2011-11-23 10:31:32.092714,10,2
Julie Jackson,1970-06-19 12:31:21.152488,6,2
Paul Williams,1974-02-07 02:50:08.874987,6,1
Keith Frazier,2002-07-10 02:31:48.230874,8,1
David Jones,2004-12-28 11:10:23.084680,2,8
Meghan Cruz,1989-08-10 11:20:22.566483,1,2
Kevin Fernandez,2015-07-21 19:01:51.349964,8,8
Steven Gonzalez,1977-06-21 21:30:19.475512,9,7
Ian Smith,2014-04-06 14:41:51.271189,4,1
Chelsea Rodriguez,2018-05-04 20:35:02.462533,8,9
Maria Dawson,1970-08-08 13:28:10.933680,3,4
Felicia Silva,1983-11-23 07:39:17.299857,10,9
Manuel Norman,2007-02-16 15:43:58.743941,4,4
Mike Vasquez,2008-09-09 14:12:05.632490,7,10
Veronica Carter,1978-09-17 18:42:47.575098,1,6
Jodi George,2002-04-12 09:03:27.648863,6,3
Lori Lopez,2011-04-14 23:47:17.902244,6,1
Laura Turner,1976-11-11 11:02:19.070608,4,3
Mark Willis,2002-11-01 18:47:45.442332,1,1
Robert Reese,2021-11-19 13:30:42.454654,2,1
Todd Williams,1984-04-01 09:23:33.747274,6,6
Michelle Edwards,1979-10-19 05:55:42.090218,6,1
Daniel Oconnor,2021-09-03 19:43:03.523650,2,7
Robin Mcdonald,1999-04-30 12:07:26.899810,7,8
Jennifer Lee,2005-09-11 03:57:59.333738,1,8
Larry Lane,2016-12-23 23:46:24.430145,2,5
Denise Gordon,1977-10-20 02:05:26.461679,10,9
Andrew Bennett,2008-02-29 16:01:13.838200,1,7
Kathryn Alvarez,2002-05-01 21:28:57.352822,1,5
James Huffman,1991-03-03 21:10:41.151032,10,4
Gregory Stafford,1985-01-15 08:35:41.347681,2,3
Christine Baker,1977-03-01 08:20:26.644896,5,8
Kenneth Pena,1978-08-09 17:16:45.966172,7,9
Julian Acosta,1982-02-26 14:45:14.253213,3,10
Darrell Carrillo,1998-07-10 09:06:50.640404,1,9
Bernard Montoya,2023-05-25 08:59:31.479909,1,1
James Evans,2015-06-24 11:05:29.824058,5,9
Sandra Watkins,1976-10-16 23:43:04.961735,2,1
Blake White,2023-09-02 16:04:35.468564,5,8
Alicia Decker,2010-07-01 23:17:08.571903,5,8
Rhonda Walker,1992-01-21 12:36:47.479928,3,9
Jason Turner,2004-12-19 06:31:56.550129,1,4
Calvin Fuentes,1985-05-25 11:40:48.668339,1,2
Wendy Stephens,1997-06-30 17:21:07.466917,9,1
Michael Holder,1984-04-16 22:24:50.961040,2,9
Christopher Cordova,2020-08-13 11:53:12.196530,6,3
Donna Rich,2014-10-31 18:41:52.909816,7,10
Angelica Moon,2018-11-20 05:21:33.627058,10,7
Mr. Jason Williams DDS,2013-05-11 04:10:35.116871,2,9
Andrew Burns,1972-10-28 04:22:30.817418,2,10
Randy Carter,2004-07-11 09:17:08.586643,10,8
Michael Gomez DDS,1988-03-21 23:08:21.711192,5,2
Jessica Lynch,1983-07-03 14:40:50.610121,1,5
Wanda Dorsey,2017-09-12 17:21:20.289403,1,7
Joseph Wiggins,2009-08-04 23:16:00.781633,3,10
Wendy Riley MD,1979-02-26 18:03:55.046932,10,4
Miss Mary Rice MD,1973-11-29 14:48:31.781011,7,6
John Hernandez,2011-10-11 21:01:21.455575,8,3
Richard Payne,2007-11-20 21:42:43.321187,4,2
Lisa Watts,2015-08-14 21:58:29.963993,8,3
Michael Delgado,2004-02-22 17:57:56.890765,2,8
William Terry,1973-10-06 06:10:56.083202,4,3
Alison Oneal,1984-04-19 23:36:20.358726,2,7
Brett Jensen,2005-01-23 05:30:42.630034,10,5
George Davis,2022-06-10 10:48:45.991997,3,1
Walter Smith,2021-02-07 12:39:43.542531,1,7
Mr. Kevin Kelley,1975-11-13 13:52:21.894793,9,5
Cynthia Russo,2000-12-04 09:32:14.724430,2,5
John Gray,1987-08-15 12:07:09.378054,4,4
Jessica Stephens,2024-01-16 03:38:22.092932,5,10
Thomas Harmon,2003-05-19 14:01:15.647012,4,4
Justin Mack,1996-06-29 06:14:32.404387,8,2
Richard Stephenson,1982-01-31 15:05:32.972099,10,5
John Bowman,1982-03-31 08:55:01.835956,10,1
Jonathan Flores,1998-08-18 01:03:39.566058,5,3
Paul Leblanc,2022-09-26 01:22:31.457030,7,3
Wyatt Sweeney,1982-01-12 12:15:32.162497,3,1
Karen Hansen,1990-09-02 08:50:03.951947,2,9
Richard Mckinney,2021-11-06 11:11:41.870209,1,8
Jason Colon,2022-09-21 00:37:42.502970,10,5
Jennifer Arnold DDS,2004-04-20 20:28:25.168842,9,4
Deborah Cantu,1987-09-19 05:59:33.959447,1,2
Courtney Morales,2010-09-03 23:23:35.805295,3,5
Oscar Carter,1993-03-09 22:02:54.906706,6,9
Monique Johnson,1982-06-02 21:05:51.392165,1,5
Kevin Smith,1996-03-22 11:06:42.772873,5,2
Jordan Reilly,2020-12-23 10:19:13.817766,10,2
Jeffrey Johnson,1982-04-13 12:27:53.412650,1,4
William Peterson,1996-06-29 09:08:06.951221,5,7
Julia Lewis,1971-09-21 05:01:14.780625,10,6
Cynthia Swanson,1974-09-20 01:45:35.291860,4,10
Julia Martin,2017-04-30 20:54:09.747010,5,10
Cory Vaughn,1993-01-20 05:17:59.790769,7,5
Kelly Cunningham,1995-01-27 02:12:24.668135,9,5
Michele Moore,1999-08-31 02:05:43.145918,8,1
Andre Lambert,1993-07-30 12:28:50.113833,10,1
Sheila Williams,1994-09-17 15:27:06.368077,9,5
Diane Pope,1998-12-07 17:51:05.261531,5,5
Karen Miller,1998-11-28 04:06:53.146382,6,1
Monica Rivera,2008-03-18 22:10:14.336735,10,8
Melissa Jones,1997-07-26 12:51:04.111472,9,5
Jon Mccarty,1982-10-15 15:48:46.112218,7,5
Gregory Johnson,1988-02-02 08:29:48.895715,7,7
Lisa Holmes,2004-12-30 17:48:02.456545,3,5
Edward Zimmerman,2022-02-23 09:16:27.359454,9,9
Jeremiah Christensen,2007-10-02 15:45:29.816766,7,8
Joe Tate,1989-05-01 02:56:41.275538,4,4
Andrew Little,1982-10-24 10:07:49.770168,8,8
Richard Mcdaniel,2012-09-03 14:38:04.879520,3,6
Dean Moreno,2018-11-09 15:20:16.152890,4,9
Ashley Blackwell,2018-08-31 20:15:18.420110,9,9
Phillip Garcia,1970-09-12 07:28:17.176609,6,1
Shaun Sanchez,2008-08-28 21:19:50.628112,6,9
Jonathan Boone,1974-12-01 18:11:44.699886,1,9
Heather Espinoza,2019-08-14 15:18:14.843755,10,9
Frank Leach,2023-02-20 00:58:07.040421,7,4
Stephanie Jones,1986-06-20 06:10:34.089700,8,8
Michael Kennedy,1998-07-06 01:10:20.042892,4,2
Karen Davis,1999-08-30 02:43:44.597649,1,7
Andrea Johnson,1970-02-10 17:14:46.242027,7,1
Lauren Wilcox,2006-04-24 18:04:06.909547,4,6
Kimberly Bryant,2011-10-23 02:38:12.610189,6,2
Patricia Austin,1990-12-13 07:50:08.463704,6,9
Christine Martin,2020-06-04 18:30:45.707559,10,7
Melissa Perez,1994-12-08 01:27:04.565163,6,1
Dylan Hopkins,2010-02-16 02:04:26.592138,4,1
Monica Ferguson,2004-06-17 03:21:47.807519,5,8
Frank Carey,1971-02-23 11:30:59.134897,8,5
Christian Riley,2000-03-16 15:58:02.501467,1,10
Tammy Williams,1996-12-21 23:02:10.404424,5,8
Stephen Harper,1984-06-25 10:17:17.628576,9,3
Kevin Ware,1993-06-19 12:47:49.825631,7,7
Hannah Garrett,2001-01-08 07:35:29.081283,4,1
Michael Davidson,1995-10-05 17:29:02.281330,5,10
Colleen Browning,2003-04-28 18:57:23.568782,10,9
Mrs. Teresa Shaffer,2007-01-16 05:02:01.271431,8,1
Jacob Edwards,1995-04-04 01:42:07.768991,10,2
Amanda Bond,2002-08-30 13:02:24.484156,5,3
Tracy Johnson,2009-07-09 00:28:24.014041,8,10
Richard Gonzalez,2006-02-17 21:43:50.196690,5,7
Robert Sanchez,1989-08-14 12:50:12.877520,7,1
Charles Myers,2012-09-14 21:48:44.151724,10,8
Henry Brooks,1992-06-17 08:13:36.233283,5,8
James White,2001-12-31 22:31:43.815471,7,1
Roberto Walker,2005-10-14 13:29:12.201686,4,4
Christopher Knapp,1974-08-28 19:14:51.769717,6,7
Cory Baker,1973-02-02 09:50:38.365707,4,9
Melissa Long,2015-06-25 13:15:52.966593,3,5
Nicholas Morales,1991-05-21 20:26:57.922611,10,2
Michael Smith,1991-11-26 12:27:02.700383,6,8
Matthew Holland,1981-01-12 17:38:59.328315,10,8
Jose Ford,1983-08-07 17:31:49.311820,3,2
Samantha Lewis,2000-05-30 02:03:12.424540,6,9
Walter Baird,2017-03-14 21:14:06.862787,1,8
Phyllis Parker,2007-05-21 22:03:36.941141,1,3
Erin Lee,2019-05-30 08:31:52.899719,7,2
Nancy Berger,1998-09-22 21:13:10.689398,7,8
Victoria Roberson,1991-05-17 15:40:02.488469,8,3
Rodney Rasmussen,2006-12-26 18:06:08.934528,3,1
Jennifer Estrada,2013-03-08 05:55:56.145065,5,4
Amanda Morgan DDS,1977-09-04 09:56:47.375486,10,7
Kelsey Sweeney,2007-06-29 00:53:24.493969,9,8
Jennifer Mcbride,2001-03-20 12:00:20.747931,10,4
Brent Peterson,1994-03-24 11:21:59.707393,3,2
Michael Hart,1981-08-05 22:39:37.405936,4,10
Robert Dunlap,1982-07-19 22:50:23.387986,10,5
Joseph Barker,2003-09-22 16:15:30.843014,10,6
Emily Duncan,2007-08-28 15:59:07.696608,4,5
Jeremy Munoz,1982-08-10 17:57:11.361570,1,1
Tommy Nguyen,1976-06-15 11:41:45.868662,9,10
Stephanie Patel,2019-07-11 17:48:49.978015,9,10
Ryan Montoya,1988-11-08 00:36:30.301899,9,6
Edward Smith,1987-02-21 00:07:06.088772,3,9
Mr. Victor Nelson DDS,1984-12-08 00:32:31.518903,2,4
Christina Bass,2008-06-10 04:47:03.061074,9,5
Carmen Rice,1989-08-11 04:30:37.898022,7,4
Catherine Macias,2006-09-22 12:02:10.103608,9,2
Kelly Lopez,2013-04-12 13:30:28.824770,2,1
Shane Thornton,1989-12-16 09:29:50.943259,7,9
Emily Ball,1979-12-07 13:46:51.871234,4,2
Ana Long,2022-10-24 05:53:24.879677,4,5
Helen Johnson,1980-07-30 15:22:06.157974,4,7
Billy Brown,2023-04-21 10:16:03.726466,9,1
David Willis,2008-05-15 05:03:46.102343,3,2
Julie Griffin,2021-03-08 18:44:58.252699,6,2
Paula Banks,1978-09-20 09:31:38.417235,1,6
William Wallace,2017-08-31 05:20:31.249935,8,8
Michael Campbell,2023-12-25 01:49:06.304172,2,8
Terry Butler,2014-03-29 09:35:15.570714,10,5
Brian Kim,2003-10-25 04:16:42.507659,9,9
Billy Flores,2014-09-17 13:17:34.306921,7,5
Patrick Long,2006-04-13 22:23:32.162404,8,5
Stephanie Best,1974-03-31 04:04:39.094491,7,10
Frank Willis,2001-01-27 15:50:59.256034,9,1
Samuel Brown,2010-11-24 05:00:36.656393,4,8
Julie Norman,1986-09-17 05:14:31.894985,9,8
Marcus Harrington,2020-02-29 10:26:40.994996,4,6
Eric Reynolds,2007-09-10 14:53:35.208952,5,10
Amanda Lopez,1993-06-09 12:57:44.369370,10,7
David Chapman,2009-04-24 22:56:06.279434,3,4
Ronald Martin,2020-03-03 03:30:35.362587,4,10
Ryan Allen,1977-05-19 15:50:13.978695,8,6
Karla Chen,2001-08-28 14:45:43.953572,3,4
Diane Newton,2001-01-26 15:51:23.329998,5,6
Michael Olsen,1976-12-03 11:19:37.589109,3,8
Alyssa Hines,2020-06-05 18:35:28.980237,6,8
Ryan Gomez,2021-08-29 10:06:23.851147,8,2
Jon Rubio,1988-09-06 18:35:16.366309,3,6
Tyler Ward,2021-07-03 09:47:28.720214,5,1
Jessica Norris,1974-12-28 05:42:53.566644,2,6
Chris Johnson,2013-02-06 09:43:22.803837,5,2
Bailey Clark DDS,1987-12-21 16:53:59.237240,5,6
Lisa Mcdonald,2022-04-03 18:01:45.373389,8,3
Karen Decker,1976-05-12 18:42:50.683595,1,2
Kimberly Garcia,2018-03-13 14:23:11.832158,4,10
Benjamin Palmer,2020-11-11 21:14:07.040891,10,9
Michael Morton,1981-11-11 23:04:14.524658,10,1
Todd Lopez,2014-10-28 21:25:44.959055,9,10
Dr. Wesley Banks,1997-11-03 04:39:10.859817,10,7
David Silva,2021-05-31 17:00:02.718910,10,5
Mrs. Angela Vaughan,1992-03-23 22:05:32.559986,8,9
Ariana Yoder,1984-01-11 15:37:25.040798,1,6
Sean Coleman,2000-04-01 11:51:43.691679,2,3
Monica Collins PhD,2016-01-10 06:57:47.397776,7,8
Jane Myers,2016-06-21 17:02:44.907263,1,9
Linda Mccoy,1977-10-20 16:16:43.347970,10,6
Russell Castillo,1977-09-16 18:41:48.344450,9,8
Ashley Williams,2019-09-25 01:37:44.238383,7,5
Luis Kim,1989-09-13 17:10:59.473823,10,5
Kyle Smith,1979-07-23 01:50:38.919966,9,5
Heather Holt,2004-01-14 13:37:18.468979,8,10
Calvin Martin,2005-10-25 05:04:41.798631,6,5
Monica Graham,2008-09-05 20:47:20.834911,3,6
Maurice Wright,2014-11-18 03:35:04.272841,5,2
Angela Gray,1998-09-27 03:56:01.034799,7,2
Hunter Flores,2022-09-19 00:49:19.849366,8,9
Daniel Valencia,1970-12-13 02:02:03.854451,7,1
Catherine Lopez,2007-12-21 19:54:08.689305,5,4
Christopher Adams,2017-11-12 17:35:56.072077,3,4
Theresa Dunlap,1991-04-12 01:02:37.163099,5,5
Lisa Robinson,2018-07-04 12:07:45.435692,8,4
Cristian Nelson,1990-06-20 19:59:10.724891,4,8
Marie Donovan,2017-02-03 22:35:29.567627,6,2
Shaun Simon,1983-08-22 02:02:12.256432,2,10
Samantha Brock,1989-04-29 14:02:38.245740,3,5
Craig Hughes,2013-03-18 20:21:05.951390,3,6
Ronald Barrett,2021-11-21 03:25:04.125287,8,8
Luis Hopkins,1997-11-24 20:33:46.003644,7,5
Tina Peterson,2009-08-11 03:42:50.306258,5,4
Gary Prince,1993-04-09 22:55:08.787416,10,7
Melissa Allen,1998-01-05 13:10:51.312475,7,9
Teresa Hester,2020-01-21 16:56:40.671824,7,10
Daniel Rogers,1971-01-18 00:22:36.829225,9,7
James Rodriguez,1992-04-28 20:29:29.021096,3,2
Scott Aguilar,1996-11-24 11:59:10.395060,7,7
Ms. Amy Boyer DDS,2019-09-27 11:16:33.494238,1,9
Joe Nelson,1989-07-05 16:52:39.383985,6,9
Courtney Peterson,2016-07-21 22:21:39.893734,9,6
Natalie Bell,2001-02-14 12:58:27.229103,10,4
William Perez,2021-10-23 17:07:54.067423,9,4
Amy Taylor,1997-05-16 09:47:34.375694,4,5
David Osborn,2014-10-13 13:10:41.087914,3,5
Melissa Stephenson,1977-10-03 00:25:01.714779,9,4
Heather Bonilla,2016-02-13 11:19:06.020729,1,3
Rachel Manning,2008-01-19 11:05:04.775011,5,2
Ashley White,1983-01-10 01:38:27.406685,4,8
Jessica David,1988-06-03 05:14:06.245586,3,8
Jose Klein,2012-09-18 00:43:49.492355,1,5
Toni Hatfield,2016-02-20 14:46:18.117240,9,1
Micheal Romero,2004-01-25 19:58:29.618376,4,8
Megan Schwartz DDS,1977-11-01 21:39:43.051354,8,6
Jennifer Jones,1985-11-11 02:59:54.723447,8,10
Michelle Myers,1988-05-22 21:00:20.172715,10,1
James Green,1992-12-05 05:38:26.944167,9,8
Gregory Salazar,1986-11-13 14:03:02.514687,8,6
Mark Webb,1976-11-12 18:33:08.794279,4,3
Ryan Freeman,2008-07-15 12:13:59.567663,6,6
Erin Santana,2015-07-20 05:40:11.324771,10,9
Olivia Rodriguez,2017-12-22 11:40:37.146294,8,7
Dr. Tyler Miller III,1982-07-08 23:39:54.036308,9,4
Kyle Allen,1974-01-27 14:52:28.299439,10,2
Tina Martinez,1974-02-02 15:49:38.788591,3,6
Michael Aguilar,1993-03-13 03:24:32.951660,10,4
Shannon Wolf,1991-02-15 03:28:15.708440,6,7
Lisa Willis,2015-11-18 20:59:05.868165,8,2
Kristen Dickerson,1975-07-29 21:33:02.284229,7,4
Amy White,1993-02-16 01:55:51.495259,5,3
John Brown,1992-10-02 07:15:14.431692,1,5
Katie Calhoun,1984-02-17 04:36:20.164416,6,3
Aaron Miles,2007-09-30 10:42:31.130907,6,8
Morgan Foley,2008-07-22 23:06:14.658640,7,8
Greg Wright,1998-04-28 21:12:19.882532,8,2
Dean Elliott,1991-01-05 17:30:29.240573,2,1
Chad Jennings,1993-12-16 15:24:10.584774,1,2
Kathleen Ross,2022-08-18 04:39:07.739573,6,5
Allison Clarke,2007-03-31 11:50:30.656696,6,4
Audrey Edwards,1980-11-29 09:00:28.582007,3,2
Marvin Bennett,1998-05-03 10:38:39.951179,4,7
Kenneth Christian,2009-09-02 22:45:39.234939,1,7
Carolyn West,1986-10-29 03:50:59.510193,4,2
Garrett Walker,1997-04-06 05:40:47.320566,5,9
Michael Cook,2006-01-07 22:20:38.193308,7,2
Donald Wallace,1980-01-25 10:09:33.395806,5,1
Thomas Arias,2002-12-06 14:26:17.046312,7,9
Daniel Myers,2017-09-27 18:04:30.422937,3,10
Erik Meyer,1973-08-19 10:18:00.274263,8,6
Timothy Hood,2003-11-01 01:57:01.630017,9,10
Brian Baker,1986-08-30 01:42:20.943092,2,4
Cassandra James,1994-11-28 15:48:05.320831,8,2
Andrew Yang,2012-03-23 05:17:51.691550,6,4
Samantha Holloway,1995-05-06 08:09:06.496380,7,4
David Kennedy,2007-05-21 11:41:13.149133,5,4
Michael James,1997-01-20 02:28:11.710725,9,9
Kayla Sanchez,2003-10-31 06:16:24.024776,10,4
Lindsey Clark,2013-07-12 08:54:39.001479,3,6
Cathy Barnett,2003-08-10 01:19:12.759379,10,1
Steven Garcia,1972-03-14 14:24:46.155356,2,1
David Boyd,1991-03-21 16:11:22.896904,10,2
Jeffery Green III,2011-11-04 05:56:54.854807,3,2
Natalie Strong,2021-05-17 22:04:27.054006,10,4
Jennifer Fuentes,1998-10-10 00:00:39.507630,4,4
Larry Griffin,1986-12-26 07:48:33.305130,5,2
Lynn Colon,1993-06-17 23:43:28.641740,5,5
Mrs. Anna Alvarez,2018-10-15 15:43:48.359441,5,7
Evan Hall,2013-05-30 11:57:42.825258,4,3
Jennifer Walters,1974-10-29 19:45:46.386727,8,1
Krystal Long,1982-08-05 13:54:26.446339,9,1
Amy Garrett,2001-12-08 21:27:48.537417,5,4
Melissa Clark,2005-11-20 15:57:34.400803,7,3
Justin Carter,1999-08-21 13:35:04.986701,8,2
Cathy Brown,1970-06-18 20:34:56.985418,7,2
Natalie Wilson,2008-07-24 10:21:19.621000,8,5
Cathy Cunningham,1988-06-30 21:01:27.164833,3,4
Joseph Perez,2010-05-12 07:23:09.212498,7,8
Scott Clark,1989-01-11 10:43:00.517389,6,4
Cheryl Kelly,1992-10-19 15:48:02.151294,8,5
Brian Chang,1998-12-20 02:15:28.183234,9,4
Trevor Banks,1975-05-10 09:37:03.354171,8,3
Zachary Wood,2016-04-21 17:32:19.855528,8,1
Kenneth Carpenter,2000-02-08 20:18:29.856185,10,6
Katherine Powers,1985-04-11 20:45:31.687509,7,3
William Morgan,1991-01-01 17:56:32.596365,6,4
Emily Harrell,2024-03-16 23:25:38.195306,10,6
Angela Saunders,2021-01-17 07:58:07.646922,3,9
Paul Brown,1970-10-26 16:43:27.286993,8,5
Andrew Welch,2020-11-10 16:46:28.441185,6,6
John Murphy,1973-12-28 08:46:56.867777,5,2
Brian Hanson,1989-09-09 22:02:14.657890,7,1
Jared Ruiz,1977-01-11 09:45:36.633501,8,4
Jodi Sullivan,1994-11-06 06:19:52.059685,5,1
Doris Murillo,2007-04-25 16:25:03.704057,4,6
Christopher Porter,1973-10-15 02:32:40.209595,8,10
Samuel Hill,1970-05-25 13:35:01.935066,4,9
Manuel Thomas,1978-10-25 01:57:23.479317,5,8
Robert Huff,1972-12-19 04:48:31.874828,4,3
Brandon Bailey,2003-07-12 00:33:26.571045,2,8
Christina Hall,2006-01-26 03:47:09.668357,5,7
Juan Garcia,2001-01-03 23:22:57.427563,10,5
Richard Sweeney,2023-12-24 14:04:12.194183,8,5
Melinda Jarvis,1997-05-27 12:17:06.673804,4,10
Timothy Moore,2008-01-09 13:53:27.994822,7,8
Troy Robinson,1980-04-10 21:36:42.289936,4,9
Dwayne Davies,2004-01-18 21:08:54.725181,7,3
Brooke Calhoun,2002-01-27 20:23:05.121778,2,10
Brittney Murphy,2018-03-07 17:00:16.609957,3,8
Mary Mason,1973-04-16 01:03:12.975425,2,6
Elizabeth Griffith,1974-08-25 06:36:38.419254,9,1
Richard Barajas,1974-03-07 00:35:15.778937,4,5
Tiffany Stephens,2008-02-29 00:10:53.324295,1,8
Mary Garcia,2017-11-12 04:45:01.770822,6,7
Eric Keller,2015-08-05 21:51:05.972664,10,2
Maurice Thomas,2020-08-07 19:22:08.750044,8,6
Marilyn Howell,1995-10-13 01:51:26.621433,2,7
Mary Gross,2011-04-02 09:35:59.700440,9,8
Erica Rodriguez,1991-10-02 18:54:49.530094,4,9
Jennifer Johnson,2004-06-22 01:06:23.749323,7,10
Douglas Smith,1979-01-08 12:15:14.759972,8,1
Charles Davis,2005-10-22 12:42:52.559983,9,7
Stephen Mueller,2019-03-08 08:48:14.862164,2,8
Taylor Howell,2018-11-10 02:58:26.321260,7,6
Manuel Sanchez,1996-12-08 07:21:25.188571,4,2
Mark Griffin,2010-06-15 23:48:11.136307,10,5
Donald Perez,2003-02-19 12:29:24.956279,10,10
Timothy Perez,2011-12-27 06:16:33.156162,8,2
Troy White,2002-10-01 08:51:31.157196,5,9
Christine Garcia,1994-06-20 13:00:40.356680,10,2
David Coleman,1978-10-19 16:20:25.484913,9,5
Patrick Cruz,2012-12-09 06:05:54.749145,7,4
Melissa Johnson,1996-12-01 06:38:16.151428,4,1
Charles Huynh,1970-01-11 20:06:09.544718,7,3
Deborah King,1977-12-21 07:06:24.128996,9,8
Billy Gonzalez MD,2019-01-22 22:57:37.478261,7,10
Laurie Morse,2007-11-29 01:36:15.922173,10,7
Wanda Jones,1973-12-18 04:39:09.381451,8,6
Dr. Alexandra Clark,1978-09-18 07:50:54.825908,10,10
Michael Chapman,1985-11-29 13:09:31.450986,4,2
Bryce Lawson,2005-12-02 16:53:47.048670,6,3
Daniel Krause,1974-05-31 04:33:51.867325,2,8
Damon Hunter,1971-01-22 12:11:09.096150,2,3
Laura Scott,2017-08-01 21:14:01.550074,8,1
Brian Mitchell,2010-05-10 17:42:23.627916,5,3
Lauren Fitzgerald,1991-08-14 07:31:38.866741,3,8
Shaun Taylor,1972-01-22 23:43:55.647532,6,5
Carolyn Miller,1975-06-18 18:53:34.168017,10,10
Ronald Fisher,2001-01-18 07:09:17.613701,5,3
Gina Smith,2005-12-08 23:05:09.285584,10,3
Julia Vasquez,1976-05-26 20:23:17.259928,9,10
David Alexander DDS,2019-04-13 03:15:14.328753,1,7
Michelle Simmons,1991-07-17 23:32:36.815971,3,6
Scott Gardner,1980-05-16 14:59:49.052520,2,9
Cheryl Paul,2018-05-19 09:07:46.094572,5,2
Catherine Clarke,2020-06-05 21:23:37.037115,1,9
Derek Le,1974-03-13 00:00:02.995743,5,8
Robin Hall,2009-08-10 08:51:18.890342,3,3
Tammy Martinez,1985-12-23 07:24:30.496424,4,4
Jermaine Ayala,2013-12-28 13:49:08.805229,2,6
Sandra Guzman,2005-01-16 09:41:10.686926,4,7
Douglas Matthews,1975-07-25 13:33:16.577564,6,8
Jessica Graham,2008-07-19 11:58:56.592049,6,3
Heather Nelson,2002-07-17 03:44:38.279736,6,6
Carl King,1973-07-09 05:59:58.733072,4,7
Deanna Gates,2005-10-04 20:14:06.866661,7,1
Clifford Gutierrez,2004-05-28 02:20:46.473421,3,8
Joshua Terrell,1986-05-06 04:01:16.397671,4,2
Sarah Richards,1999-08-20 03:13:24.977609,6,7
Lucas Caldwell,2021-11-24 11:54:30.881029,5,5
Michael Guzman,1983-07-08 13:59:50.130088,10,4
Matthew Hernandez,1980-12-09 12:28:44.623455,7,2
Richard Short,1976-09-03 21:30:27.649099,8,6
Rachel Smith,2009-03-02 13:43:23.766551,1,9
John Buchanan,1978-01-17 03:37:53.106071,6,9
Christine Figueroa,1984-11-15 22:34:17.849619,5,3
Brianna Richardson,2002-02-14 00:38:53.806457,3,7
Dennis Harris,2001-09-20 04:37:10.533932,4,10
John Cantrell,1984-06-11 14:02:55.583996,3,1
Victoria Morgan,2008-07-24 08:07:11.392183,1,8
Philip Miller,1972-06-30 03:06:36.822782,5,5
Miranda Tapia,1975-07-03 21:55:04.031850,4,7
Jeffery Decker,2005-12-01 03:15:54.026222,8,1
Christine Stephens,2022-06-26 06:07:58.084564,10,1
Shawn Taylor,2017-11-21 23:28:19.753905,8,2
Michael Miller,1999-09-12 17:44:27.212063,8,1
Holly Mcclure,1982-02-27 23:58:57.187844,9,4
Daniel Brown,1970-06-01 09:42:42.575621,3,2
Tyler Santiago,1975-09-26 16:48:23.660754,8,6
Joshua Chapman,2014-02-16 10:39:05.626584,9,3
Nicole Collins,2003-12-24 07:44:04.288369,10,2
Tina Richardson,2013-11-26 14:26:49.020833,3,8
Amanda Delgado,2011-05-24 18:25:47.153234,10,10
Maurice Harrell,2006-03-28 22:00:06.768293,2,10
Roy Smith DDS,2015-02-11 00:42:15.854207,2,6
Gloria Murray,2019-10-15 06:06:18.574748,5,9
Sarah Medina,2012-12-10 08:13:57.009266,3,4
Taylor Haley,2015-04-21 23:36:56.537562,5,5
Dominique Velasquez,1997-01-21 13:13:47.749627,10,9
Beth Mccarty,1983-01-08 09:29:03.728329,3,9
Thomas Lin,2014-12-09 20:47:49.264301,6,10
Wesley Bowen,2020-02-21 14:45:54.617325,2,3
Samuel Lutz III,1970-11-03 09:33:49.458093,3,1
William Chaney,2006-11-02 21:48:45.675708,8,3
Natalie Sanchez PhD,1972-12-25 07:22:14.804159,2,1
William Hopkins,1981-04-01 00:27:21.991254,7,1
Sherri Maynard,1976-05-12 22:17:04.976207,2,6
Terry Spencer,2019-10-11 10:57:59.864666,8,8
Francisco Rodriguez,1972-01-07 18:44:56.335789,4,8
Robert Kim,2007-09-15 18:40:51.880487,9,9
Jeffrey Rivera,1984-09-22 16:28:54.257120,3,4
Elizabeth Anderson,1999-06-16 22:23:34.015017,7,10
Veronica Martin,1998-06-26 17:10:49.949255,4,4
Terri Potter,2006-08-25 21:13:08.449753,2,1
Jessica Cain,1990-02-03 08:38:10.572022,6,3
Jessica Perez,1991-09-24 12:39:09.138263,7,3
Scott Jones,2015-01-13 20:49:11.175984,9,1
Scott Martinez,2007-06-08 11:13:17.029441,4,6
Dana Rodriguez,2024-03-04 15:14:27.777031,8,9
Kathryn Wade,2018-02-28 21:38:11.174685,5,10
Ronald Cole,1983-09-17 03:04:57.655536,5,6
Jose Huber,1990-10-02 06:28:36.725176,7,3
Robert Henry,1980-10-28 11:59:17.701508,10,9
Mrs. Susan Gibson,2005-03-04 05:37:06.213905,3,9
Kevin Ramos,2024-04-29 06:14:14.279479,5,2
Laurie Young,1974-09-30 06:23:00.784478,5,6
Jennifer Paul,2002-04-02 16:47:37.389870,10,1
Paul Butler,2015-03-14 13:46:48.204137,5,5
Joseph Monroe,1985-05-11 08:25:35.745584,2,5
Heather Porter,1996-04-04 19:36:45.296877,4,9
Tom Brennan,1978-09-25 02:11:01.670523,8,7
Nicole Hill,2003-01-07 20:39:04.292360,7,2
Mrs. Samantha Watson DDS,2013-09-20 00:36:07.822272,8,10
Terry Guzman,1995-06-29 01:28:20.500207,8,1
Anthony Mccoy,1982-05-26 00:37:57.917657,7,2
Robert Lee,1992-10-13 09:14:03.661074,2,1
Justin Smith,2017-09-27 20:08:31.873394,8,1
Judith Adams,1983-09-18 23:39:46.060789,2,10
Cassidy Aguilar,1985-05-01 12:25:27.727563,9,4
Daniel Smith,1975-04-26 14:28:37.677032,7,1
Keith Mann,1982-06-22 22:16:14.235571,9,5
Jacqueline Gonzalez,2002-10-26 08:03:23.416642,5,10
John Jacobs,1997-04-27 09:48:07.782450,5,7
Lee Hughes,2019-06-06 12:23:31.134464,6,2
Shane Romero,2006-10-22 11:10:18.603503,6,7
Trevor Ayers,1983-12-01 09:07:00.137317,7,2
Jodi Jenkins,1972-12-10 01:37:46.360856,7,5
Marcus Rodriguez,2010-01-19 02:05:50.741605,5,6
Christopher West,2006-02-21 00:48:10.073318,3,8
Angela Chen,2021-03-15 04:34:15.362577,3,9
Amanda Delgado,2020-09-16 13:04:02.245595,2,7
David Turner,2009-09-10 04:26:14.441121,8,4
Alicia Pugh,1971-05-09 15:44:34.683911,2,5
Kathleen Bryant,2006-02-17 01:21:38.976784,7,5
John Ellison,2018-06-15 09:24:16.008539,2,1
Robert Reeves,1972-07-03 05:11:22.914831,10,8
Tracy Moore,1984-04-04 02:22:53.728830,2,2
Isabel Barber,2024-01-19 16:00:54.360007,1,4
Tara Lucero,1974-07-01 04:51:49.217310,8,6
Kenneth Carpenter,1989-04-12 01:37:46.172135,2,3
Nathan Kim,1980-01-17 06:56:03.069053,8,4
Taylor Johnson,2023-07-08 16:34:42.058209,4,10
Samuel Crosby,2010-07-07 16:52:42.074386,10,5
Tony Finley,2000-03-31 04:51:58.471509,9,4
Robert Newton,1982-04-29 04:31:19.593798,10,4
Cheryl Sanchez,1994-12-07 15:14:34.387940,1,6
John Williams,1982-05-31 01:40:23.538993,1,9
Christine Harris,1981-03-12 06:41:32.499270,1,6
John Torres,1970-11-26 13:24:04.168656,1,3
Amber Smith,1981-12-09 09:30:48.816163,3,7
Carla Roach,1978-05-13 17:35:29.508738,9,6
Madison Washington,2000-11-03 09:57:00.210295,7,6
Anthony Brown,2000-04-23 08:10:25.458104,9,5
Sarah Roberson,2002-05-09 12:21:00.515550,1,5
Angie Mercer,2010-07-30 16:25:34.604120,9,8
Jose Goodwin,2023-08-27 12:51:37.332939,10,10
Valerie Lewis,1980-09-08 18:52:09.312449,3,7
Deborah Holmes,1995-12-17 00:50:03.149528,4,5
Edward Martin,2008-07-12 20:27:39.212802,8,2
Jennifer Harvey,2020-06-03 06:33:59.326117,10,8
Linda Vaughn,2001-02-02 06:18:40.058766,3,10
Carol Davis,1994-02-02 13:22:54.250946,10,7
Jason Maldonado,1995-03-03 19:20:55.835984,5,1
Victoria Gibson,2019-03-13 14:24:50.160785,8,8
Sarah Lowe,2006-08-29 18:47:50.674552,6,6
Billy Henry,1989-08-23 02:38:43.873580,3,9
Margaret Becker,2019-08-08 14:47:57.598791,2,6
Angel Gilbert,1992-03-20 06:39:09.241860,3,8
David Burch,1986-12-29 04:03:50.399347,4,10
Karen Rodriguez,2010-06-28 08:07:53.215459,7,6
Mary Avery,2008-04-07 15:47:49.939621,3,10
Michael Powell,1978-03-15 08:01:07.814671,2,4
John Goodwin,1993-04-14 03:12:34.594521,7,8
Sophia Gonzalez,1985-10-13 23:28:32.991337,7,1
Anthony Scott,2011-12-03 17:07:57.711082,3,8
Veronica Phillips,2017-03-19 05:31:32.432845,5,1
Gina Davis,2015-02-17 05:25:48.369250,5,1
Sheila Conway,2003-03-17 17:30:35.221056,5,9
Matthew Johnson,2007-04-04 09:48:32.151435,4,10
Timothy Hahn,2024-04-05 13:47:17.823168,9,8
Michael Hart,1996-02-02 04:50:51.483246,1,4
Tyler Ingram,1980-10-29 11:58:25.886621,3,5
Dr. Mandy Scott,1986-09-18 01:43:24.795597,8,4
Mandy Schmitt,1981-10-30 19:10:10.832277,9,4
Anthony Knight,1980-08-25 08:43:18.523509,7,9
Deborah Mckenzie,1997-08-29 06:47:53.800621,2,9
Mr. David Adams,1987-10-06 01:55:45.735512,1,8
Kenneth Vega,2008-08-03 19:14:49.771989,3,7
Nancy Lowe,2021-10-14 06:00:39.946625,8,5
Brandi Khan,2000-01-05 12:50:52.175274,3,6
Francis Schwartz,1989-02-21 07:27:13.131343,2,1
Shannon Chase,2000-03-31 16:48:44.987181,9,6
Michael Bailey,2024-02-22 03:36:19.698696,7,10
Jeffrey Rivera,1979-02-15 14:55:25.165370,3,7
Ricky Morris,2001-06-29 01:00:04.569245,4,7
Joseph Colon,2005-05-11 08:46:47.790529,7,1
Allison King,1971-12-31 05:51:12.604194,8,5
Kelly Brooks,1993-08-04 15:39:58.233312,4,3
Christopher Wiley,1991-06-23 19:41:46.714110,5,4
Vernon Ferguson,2017-07-10 11:48:19.160780,10,8
Alex Mcknight,2018-06-21 21:03:28.168006,1,1
Kelly Rich,2003-10-05 14:23:04.712655,10,1
Robin Stone,2010-05-04 04:50:24.680754,6,9
Joseph Austin,2010-08-08 04:07:37.342908,2,5
Aaron Huang,2000-01-04 05:55:50.066582,6,7
Christopher Salazar,1975-04-20 01:54:36.822093,1,1
Kyle Sanchez,2014-04-23 00:57:26.329652,4,4
Larry Martin,1998-09-14 10:08:42.951770,2,7
Jenny Martin,2004-01-09 23:38:54.061475,8,6
James Abbott,2019-07-04 09:13:51.022650,2,6
Bonnie Smith,1975-02-03 14:21:02.433608,4,5
Brenda Hernandez,1990-04-18 21:25:30.558542,7,1
Robert Roberts,1995-11-30 15:19:56.097920,9,9
Frank Morgan,2015-12-31 11:53:08.924062,10,2
Helen Peterson,2001-10-07 13:45:16.430170,8,1
Jeffery Johnson,1975-09-29 11:41:40.099677,9,2
Tiffany Hughes,2008-02-26 10:24:45.299117,8,4
Edward Fischer,2016-08-19 22:19:32.155225,10,7
Suzanne Gomez,2019-06-11 04:02:34.528826,5,3
Jasmine Dixon,1984-06-13 13:18:55.520205,3,8
Carolyn Ellis,2009-08-03 15:18:03.860971,2,2
Andrea Kirk,1996-10-02 05:41:18.818296,6,3
Laurie Doyle,1999-03-28 00:07:07.345748,7,6
Benjamin Meyer,1991-01-10 22:06:16.836311,2,10
Alexis Torres,1973-12-22 03:01:56.724298,7,8
Courtney Bass,1988-09-09 00:09:48.617423,5,1
Laura Cochran,1996-07-14 13:13:55.509658,2,4
Andrew Osborne,1978-11-11 22:09:45.040582,4,6
Jennifer Miller,1989-12-30 15:00:09.551823,3,1
Chelsea Nunez,1999-06-20 14:01:13.839228,10,5
Sara Lee,1977-10-18 23:44:35.498772,6,1
Debra Cooper,1978-06-25 15:01:05.410035,7,9
Taylor Gill,1974-09-07 06:04:35.113170,5,7
Laura Rivera,1980-10-07 06:41:26.458148,1,8
James Davis,1982-03-18 12:01:25.452158,5,8
Andrea Combs,2001-12-15 13:44:54.649175,7,6
Adam Fowler,2012-08-30 17:13:17.391419,2,5
Phillip Villanueva,1980-09-23 17:32:18.502447,3,2
Jacqueline Simmons,2006-02-19 21:41:39.184098,8,9
Scott Winters,1996-11-23 06:54:32.948362,5,7
Dwayne Harper,2019-10-13 04:49:48.845620,7,2
Tracey Palmer,2016-08-07 11:18:43.234464,7,5
Damon Bridges,1977-04-08 05:30:50.156098,8,2
Rebecca Pierce,2017-05-07 17:14:35.883483,4,4
Wayne Simmons,2023-03-01 23:41:16.816228,3,1
Christopher Ramos,1984-01-25 22:01:23.763844,5,6
Corey Bond,2013-10-03 23:22:46.680005,3,7
Matthew Hickman,1987-11-05 12:46:55.616572,7,2
Tina Solis,2020-01-16 00:17:37.177461,7,1
Barbara Murphy,1982-12-07 20:05:02.854963,4,3
David Phillips,2016-03-31 05:17:32.053440,4,8
Corey Scott,2011-06-21 09:10:25.120678,5,7
Chad Allen,1993-12-03 09:29:34.451903,6,3
Carmen Robinson,1984-07-21 04:37:42.140676,2,3
Jeffrey Owen MD,1990-10-11 18:21:36.843051,3,5
Charles Johnson,2004-06-11 15:09:51.014861,1,7
Eric Schmidt,1986-12-20 12:37:04.384248,10,6
Gregory Schroeder,2003-12-22 19:47:28.262995,4,5
Lori Raymond,2003-05-03 10:10:08.707073,5,6
Evan Williams,1988-12-26 21:51:53.967599,10,10
Connor Jackson,1975-03-11 07:32:47.945554,6,10
Gerald Bailey,1971-04-06 02:57:28.414289,6,7
Taylor Lutz,2010-08-27 22:59:55.364004,3,7
Dorothy Lyons,1980-04-27 07:37:53.958575,6,9
Tiffany Murphy,2019-12-19 16:27:25.004729,7,3
Samuel Weaver,1990-04-07 19:26:19.780915,6,10
Andrea Allen,1975-10-26 18:22:58.131820,10,3
Paul Knapp,1991-06-14 11:20:43.924353,1,7
Donald Daniels,1994-03-12 21:09:06.385684,1,10
Charles Mcmahon,2004-11-12 23:51:24.065933,6,10
Amber Taylor,2002-10-30 02:51:40.504366,8,10
Carol Wagner,1979-05-16 18:34:12.248072,4,3
Elizabeth Irwin,1999-05-30 18:30:56.096965,4,7
Shelby Carpenter,2023-11-21 06:21:38.003808,4,3
Brandon Ward,1993-06-26 08:39:14.302625,7,3
Dustin Higgins,2016-06-03 10:28:29.585290,5,7
Brandon Knight,1994-07-10 08:47:38.587897,6,7
Michael Washington,2017-09-30 14:42:28.435088,6,9
Jesse Jones,2000-01-04 20:11:48.425987,1,10
Heather Lane,1986-01-03 01:41:11.387938,10,4
Diana Valdez,2012-06-17 20:24:10.974970,5,3
Daniel Black,2012-02-07 13:44:24.830944,9,5
Joel Hernandez,1994-09-06 16:41:53.611304,6,1
Daniel Noble,1982-07-21 20:24:35.834756,9,8
Carl Johnson,1981-04-16 03:53:58.217994,4,5
Dr. Michael Ellis,2017-02-06 09:52:46.789347,4,8
Mackenzie Davis,2000-09-07 13:57:54.541600,3,3
Heidi Barnes,1971-11-25 01:01:26.760890,4,7
Harry Smith,2012-11-11 00:44:14.690536,2,10
Brittany Meyer,2020-04-26 13:34:14.406327,2,10
Tiffany Wise,1984-04-20 08:33:41.955734,6,3
Joshua Lewis,2005-04-30 00:19:23.014349,4,5
Lance Tapia,1987-09-26 05:45:04.982975,3,4
Steven Duncan,1989-02-22 22:01:16.381830,4,5
Brenda Carson,2021-05-28 02:01:10.583866,7,5
Christian Wilcox,1974-02-06 01:35:22.310032,1,4
Terry Smith,2011-08-31 14:22:18.439369,7,8
Heather Watson,1991-05-24 06:17:00.310550,6,1
Manuel Jones,1976-11-03 15:38:34.304841,7,7
Danielle Gomez,1985-02-07 20:57:00.914689,8,2
Walter Vaughan,1991-12-30 02:32:51.208324,7,5
Claudia Jones,2008-10-24 09:00:49.023300,10,9
Joseph Garcia,1977-08-03 20:14:24.304985,2,3
Tamara Webb,2023-09-05 02:09:19.200805,1,2
Christopher Rivera,1996-12-17 04:59:23.450191,5,6
David Owens,2002-10-10 17:28:43.477372,4,9
Ellen Wilson,1972-10-15 22:53:17.295710,6,10
Sarah Romero,1980-06-12 02:27:07.395785,7,9
Crystal Green,1971-08-09 22:38:15.578594,9,5
Roy Johnson,1982-08-02 07:33:44.919479,1,7
Mr. Richard Stone DVM,1980-08-03 02:55:51.549241,9,6
Jessica Garza,1999-08-14 02:02:11.140323,8,6
David Miller,2005-03-09 09:34:23.142152,8,1
Andrew King,1985-10-17 08:40:43.634465,2,8
Ryan Hayes,1973-10-09 00:04:53.663207,2,8
Julia Johnson,2020-01-18 14:21:20.453567,9,10
Kathryn Phillips,1978-09-27 23:25:25.412535,8,8
Russell Davis,2017-01-05 14:14:18.168659,7,5
Mr. Cody Franco,2011-04-29 02:30:30.611279,8,6
Jacqueline Rivera,1983-12-20 09:41:13.721618,4,6
Ronald Bailey,1977-07-02 09:01:14.615923,2,7
Jesse Phillips,2017-05-14 15:51:37.044542,9,3
Cindy Kelley,1974-04-04 15:58:52.184803,7,10
Leroy Holt,2000-05-09 23:40:20.419245,3,7
Denise Ward,2015-10-22 20:16:18.881395,9,4
Victor Stone,2006-08-14 13:27:55.547418,8,1
Joseph Rodriguez,2006-08-27 16:11:30.683296,5,4
Erica Perez,2000-11-28 05:23:55.369825,4,3
Mackenzie Petersen,1998-10-17 19:10:47.752043,8,6
James Freeman,1997-05-10 09:55:49.693020,6,4
Erin Holder,1972-04-11 08:04:14.191841,9,1
Kimberly Torres,2016-11-15 21:56:27.649585,4,4
Edgar Cooper,2023-08-30 16:40:57.296974,10,5
John Morris,2011-09-27 10:23:15.916791,1,2
Brian Santiago,2003-06-22 09:48:45.581040,6,4
Christy Guerrero,2010-07-05 04:41:22.308211,1,1
Amanda Barajas,2011-07-09 10:02:41.177495,5,4
Jessica Hamilton,2005-11-06 14:29:59.147837,4,4
Richard Coffey,1970-03-03 03:55:15.584168,8,7
Sheri Montoya,2011-06-11 20:36:41.153815,7,2
Mark Johnson,2021-11-06 09:51:07.931398,2,10
Brian Contreras,1993-08-31 14:47:24.632442,3,7
Jesse Ashley,1993-05-21 23:20:09.749528,1,10
Michael Garza,1996-04-05 08:31:53.880631,2,10
Robert Boyd,1975-06-12 06:30:44.442728,5,4
Benjamin Salazar,2013-04-27 11:53:35.834465,1,4
Steven Roman,1997-11-30 22:35:01.509659,5,1
Jamie Payne,2013-06-05 19:02:28.204472,7,5
Michael Snyder,2008-04-27 15:27:18.368905,5,9
Donna Schmidt,1982-07-15 14:20:56.175271,1,6
Aaron Roth,1994-09-27 06:06:00.700301,8,4
William Lee,1995-12-02 12:58:24.240591,10,8
Stephanie Swanson,2014-07-31 09:59:12.009655,9,2
Sheri King,2023-04-02 04:05:21.775062,8,2
